{
	"credit": "Made with Blockbench",
	"textures": {
		"2": "block/red_concrete",
		"4": "block/gray_concrete",
		"particle": "block/red_concrete"
	},
	"elements": [
		{
			"from": [1, 0, 1],
			"to": [15, 15, 15],
			"rotation": {"angle": 0, "axis": "y", "origin": [9, 8, 9]},
			"faces": {
				"north": {"uv": [0, 0, 14, 15], "texture": "#2"},
				"east": {"uv": [0, 0, 14, 15], "texture": "#2"},
				"south": {"uv": [0, 0, 14, 15], "texture": "#2"},
				"west": {"uv": [0, 0, 14, 15], "texture": "#2"},
				"up": {"uv": [0, 0, 14, 15], "texture": "#2"},
				"down": {"uv": [0, 0, 14, 15], "texture": "#2"}
			}
		},
		{
			"from": [0, 0, 7],
			"to": [1, 15, 9],
			"rotation": {"angle": 0, "axis": "y", "origin": [8, 8, 15]},
			"faces": {
				"north": {"uv": [0, 0, 1, 15], "texture": "#4"},
				"east": {"uv": [0, 0, 2, 15], "texture": "#missing"},
				"south": {"uv": [0, 0, 1, 15], "texture": "#4"},
				"west": {"uv": [0, 0, 2, 15], "texture": "#4"},
				"up": {"uv": [0, 0, 1, 2], "texture": "#missing"},
				"down": {"uv": [0, 0, 1, 2], "texture": "#4"}
			}
		},
		{
			"from": [0, 15, 7],
			"to": [16, 16, 9],
			"rotation": {"angle": 0, "axis": "y", "origin": [8, 23, 16]},
			"faces": {
				"north": {"uv": [0, 0, 16, 1], "texture": "#4"},
				"east": {"uv": [0, 0, 2, 1], "texture": "#4"},
				"south": {"uv": [0, 0, 16, 1], "texture": "#4"},
				"west": {"uv": [0, 0, 2, 1], "texture": "#4"},
				"up": {"uv": [0, 0, 16, 2], "texture": "#4"},
				"down": {"uv": [0, 0, 16, 2], "texture": "#missing"}
			}
		},
		{
			"from": [15, 0, 7],
			"to": [16, 15, 9],
			"rotation": {"angle": 0, "axis": "y", "origin": [23, 8, 16]},
			"faces": {
				"north": {"uv": [0, 0, 1, 15], "texture": "#4"},
				"east": {"uv": [0, 0, 2, 15], "texture": "#4"},
				"south": {"uv": [0, 0, 1, 15], "texture": "#4"},
				"west": {"uv": [0, 0, 2, 15], "texture": "#missing"},
				"up": {"uv": [0, 0, 1, 2], "texture": "#missing"},
				"down": {"uv": [0, 0, 1, 2], "texture": "#4"}
			}
		},
		{
			"from": [7, 0, 0],
			"to": [9, 15, 1],
			"rotation": {"angle": 0, "axis": "y", "origin": [15, 8, 8]},
			"faces": {
				"north": {"uv": [0, 0, 2, 15], "texture": "#4"},
				"east": {"uv": [0, 0, 1, 15], "texture": "#4"},
				"south": {"uv": [0, 0, 2, 15], "texture": "#missing"},
				"west": {"uv": [0, 0, 1, 15], "texture": "#4"},
				"up": {"uv": [0, 0, 2, 1], "texture": "#missing"},
				"down": {"uv": [0, 0, 2, 1], "texture": "#4"}
			}
		},
		{
			"from": [7, 15, 0],
			"to": [9, 16, 7],
			"rotation": {"angle": 0, "axis": "y", "origin": [15, 23, 9]},
			"faces": {
				"north": {"uv": [0, 0, 2, 1], "texture": "#4"},
				"east": {"uv": [0, 0, 7, 1], "texture": "#4"},
				"south": {"uv": [0, 0, 2, 1], "texture": "#missing"},
				"west": {"uv": [0, 0, 7, 1], "texture": "#4"},
				"up": {"uv": [0, 0, 2, 7], "texture": "#4"},
				"down": {"uv": [0, 0, 2, 7], "texture": "#missing"}
			}
		},
		{
			"from": [7, 15, 9],
			"to": [9, 16, 16],
			"rotation": {"angle": 0, "axis": "y", "origin": [15, 23, 20]},
			"faces": {
				"north": {"uv": [0, 0, 2, 1], "texture": "#missing"},
				"east": {"uv": [0, 0, 7, 1], "texture": "#4"},
				"south": {"uv": [0, 0, 2, 1], "texture": "#4"},
				"west": {"uv": [0, 0, 7, 1], "texture": "#4"},
				"up": {"uv": [0, 0, 2, 7], "texture": "#4"},
				"down": {"uv": [0, 0, 2, 7], "texture": "#missing"}
			}
		},
		{
			"from": [7, 0, 15],
			"to": [9, 15, 16],
			"rotation": {"angle": 0, "axis": "y", "origin": [15, 8, 23]},
			"faces": {
				"north": {"uv": [0, 0, 2, 15], "texture": "#missing"},
				"east": {"uv": [0, 0, 1, 15], "texture": "#4"},
				"south": {"uv": [0, 0, 2, 15], "texture": "#4"},
				"west": {"uv": [0, 0, 1, 15], "texture": "#4"},
				"up": {"uv": [0, 0, 2, 1], "texture": "#missing"},
				"down": {"uv": [0, 0, 2, 1], "texture": "#4"}
			}
		},
		{
			"from": [7, 16, 7],
			"to": [9, 17, 9],
			"rotation": {"angle": 0, "axis": "y", "origin": [15, 24, 15]},
			"faces": {
				"north": {"uv": [0, 0, 2, 1], "texture": "#4"},
				"east": {"uv": [0, 0, 2, 1], "texture": "#4"},
				"south": {"uv": [0, 0, 2, 1], "texture": "#4"},
				"west": {"uv": [0, 0, 2, 1], "texture": "#4"},
				"up": {"uv": [0, 0, 2, 2], "texture": "#4"},
				"down": {"uv": [0, 0, 2, 2], "texture": "#missing"}
			}
		},
		{
			"from": [7, -1, 0],
			"to": [9, 0, 16],
			"rotation": {"angle": 0, "axis": "y", "origin": [15, 7, 8]},
			"faces": {
				"north": {"uv": [0, 0, 2, 1], "texture": "#4"},
				"east": {"uv": [0, 0, 16, 1], "texture": "#4"},
				"south": {"uv": [0, 0, 2, 1], "texture": "#4"},
				"west": {"uv": [0, 0, 16, 1], "texture": "#4"},
				"up": {"uv": [0, 0, 2, 16], "texture": "#missing"},
				"down": {"uv": [0, 0, 2, 16], "texture": "#4"}
			}
		},
		{
			"from": [0, -1, 7],
			"to": [7, 0, 9],
			"rotation": {"angle": 0, "axis": "y", "origin": [8, 7, 15]},
			"faces": {
				"north": {"uv": [0, 0, 7, 1], "texture": "#4"},
				"east": {"uv": [0, 0, 2, 1], "texture": "#missing"},
				"south": {"uv": [0, 0, 7, 1], "texture": "#4"},
				"west": {"uv": [0, 0, 2, 1], "texture": "#4"},
				"up": {"uv": [0, 0, 7, 2], "texture": "#missing"},
				"down": {"uv": [0, 0, 7, 2], "texture": "#4"}
			}
		},
		{
			"from": [9, -1, 7],
			"to": [16, 0, 9],
			"rotation": {"angle": 0, "axis": "y", "origin": [23, 7, 15]},
			"faces": {
				"north": {"uv": [0, 0, 7, 1], "texture": "#4"},
				"east": {"uv": [0, 0, 2, 1], "texture": "#4"},
				"south": {"uv": [0, 0, 7, 1], "texture": "#4"},
				"west": {"uv": [0, 0, 2, 1], "texture": "#missing"},
				"up": {"uv": [0, 0, 7, 2], "texture": "#missing"},
				"down": {"uv": [0, 0, 7, 2], "texture": "#4"}
			}
		}
	],
	"display": {
		"thirdperson_righthand": {
			"scale": [0.5, 0.5, 0.5]
		},
		"thirdperson_lefthand": {
			"scale": [0.5, 0.5, 0.5]
		},
		"firstperson_righthand": {
			"scale": [0.5, 0.5, 0.5]
		},
		"firstperson_lefthand": {
			"scale": [0.5, 0.5, 0.5]
		},
		"ground": {
			"scale": [0.5, 0.5, 0.5]
		},
		"gui": {
			"scale": [0.9, 0.9, 0.9]
		}
	}
}