{
	"credit": "Made with Blockbench",
	"textures": {
		"4": "block/light_blue_concrete",
		"5": "block/oak_planks"
	},
	"elements": [
		{
			"from": [7, 0, 7],
			"to": [9, 14, 9],
			"rotation": {"angle": 0, "axis": "y", "origin": [16, 8, 15]},
			"faces": {
				"north": {"uv": [0, 0, 2, 14], "texture": "#5"},
				"east": {"uv": [0, 0, 2, 14], "texture": "#5"},
				"south": {"uv": [0, 0, 2, 14], "texture": "#5"},
				"west": {"uv": [0, 0, 2, 14], "texture": "#5"},
				"up": {"uv": [0, 0, 2, 2], "texture": "#missing"},
				"down": {"uv": [0, 3, 2, 5], "texture": "#5"}
			}
		},
		{
			"from": [7, 14, 5],
			"to": [9, 15, 11],
			"rotation": {"angle": 0, "axis": "y", "origin": [5, 22, 16]},
			"faces": {
				"north": {"uv": [7, 7, 9, 8], "texture": "#4"},
				"east": {"uv": [0, 0, 6, 1], "texture": "#4"},
				"south": {"uv": [5.5, 7, 7.5, 8], "texture": "#4"},
				"west": {"uv": [0, 0, 6, 1], "texture": "#4"},
				"up": {"uv": [5.5, 4, 7.5, 10], "texture": "#4"},
				"down": {"uv": [0, 0, 2, 6], "texture": "#4"}
			}
		},
		{
			"from": [7, 13, 4],
			"to": [9, 14, 5],
			"rotation": {"angle": 0, "axis": "y", "origin": [16, 21, 12]},
			"faces": {
				"north": {"uv": [3.5, 5.5, 5.5, 6.5], "texture": "#4"},
				"east": {"uv": [0, 0, 1, 1], "texture": "#4"},
				"south": {"uv": [0, 0, 2, 1], "texture": "#4"},
				"west": {"uv": [0, 0, 1, 1], "texture": "#4"},
				"up": {"uv": [2.5, 5.5, 4.5, 6.5], "texture": "#4"},
				"down": {"uv": [0, 0, 2, 1], "texture": "#4"}
			}
		},
		{
			"from": [7, 13, 11],
			"to": [9, 14, 12],
			"rotation": {"angle": 0, "axis": "y", "origin": [16, 21, 19]},
			"faces": {
				"north": {"uv": [0, 0, 2, 1], "texture": "#4"},
				"east": {"uv": [0, 0, 1, 1], "texture": "#4"},
				"south": {"uv": [4, 5, 6, 6], "texture": "#4"},
				"west": {"uv": [0, 0, 1, 1], "texture": "#4"},
				"up": {"uv": [4.5, 8.5, 6.5, 9.5], "texture": "#4"},
				"down": {"uv": [0, 0, 2, 1], "texture": "#4"}
			}
		},
		{
			"from": [7, 12, 3],
			"to": [9, 13, 4],
			"rotation": {"angle": 0, "axis": "y", "origin": [15, 20, 11]},
			"faces": {
				"north": {"uv": [4, 5.5, 6, 6.5], "texture": "#4"},
				"east": {"uv": [0, 0, 1, 1], "texture": "#4"},
				"south": {"uv": [0, 0, 2, 1], "texture": "#4"},
				"west": {"uv": [0, 0, 1, 1], "texture": "#4"},
				"up": {"uv": [5.5, 5.5, 7.5, 6.5], "texture": "#4"},
				"down": {"uv": [0, 0, 2, 1], "texture": "#4"}
			}
		},
		{
			"from": [7, 12, 12],
			"to": [9, 13, 13],
			"rotation": {"angle": 0, "axis": "y", "origin": [15, 20, 20]},
			"faces": {
				"north": {"uv": [0, 0, 2, 1], "texture": "#4"},
				"east": {"uv": [0, 0, 1, 1], "texture": "#4"},
				"south": {"uv": [4.5, 5.5, 6.5, 6.5], "texture": "#4"},
				"west": {"uv": [0, 0, 1, 1], "texture": "#4"},
				"up": {"uv": [4.5, 5.5, 6.5, 6.5], "texture": "#4"},
				"down": {"uv": [0, 0, 2, 1], "texture": "#4"}
			}
		},
		{
			"from": [7, 10, 2],
			"to": [9, 12, 3],
			"rotation": {"angle": 0, "axis": "y", "origin": [15, 19, 10]},
			"faces": {
				"north": {"uv": [0, 0, 2, 2], "texture": "#4"},
				"east": {"uv": [0, 0, 1, 2], "texture": "#4"},
				"south": {"uv": [0, 0, 2, 2], "texture": "#4"},
				"west": {"uv": [0, 0, 1, 2], "texture": "#4"},
				"up": {"uv": [7.5, 5.5, 9, 6.5], "texture": "#4"},
				"down": {"uv": [0, 0, 2, 1], "texture": "#4"}
			}
		},
		{
			"from": [7, 10, 13],
			"to": [9, 12, 14],
			"rotation": {"angle": 0, "axis": "y", "origin": [15, 19, 21]},
			"faces": {
				"north": {"uv": [0, 0, 2, 2], "texture": "#4"},
				"east": {"uv": [0, 0, 1, 2], "texture": "#4"},
				"south": {"uv": [0, 0, 2, 2], "texture": "#4"},
				"west": {"uv": [0, 0, 1, 2], "texture": "#4"},
				"up": {"uv": [5, 8, 7, 9], "texture": "#4"},
				"down": {"uv": [0, 0, 2, 1], "texture": "#4"}
			}
		}
	],
	"display": {
		"thirdperson_righthand": {
			"translation": [0, 5.75, 0]
		},
		"thirdperson_lefthand": {
			"translation": [0, 4.75, 0]
		},
		"firstperson_righthand": {
			"translation": [0, 2.25, 0]
		},
		"ground": {
			"translation": [0, 3.25, 0]
		},
		"gui": {
			"rotation": [0, 90, 0]
		},
		"head": {
			"rotation": [0, 90, 0],
			"translation": [0, 13.75, 0]
		},
		"fixed": {
			"rotation": [0, 90, 0],
			"translation": [0, 0, -1]
		}
	}
}